id,image,nom,description,date_entree,date_dexpiration,prix_achat,devise_achat,prix_vente,devise_vente,designation_entree,designation_sortie,category,marque
13,,INDOCIDE 10X10 CAPS,,2024-09-26 20:11:49+00:00,2027-10-10,1800.0,FC,2871.0,FC,BT,BT,non classé,non classé
15,,CHLORAPHENERAMINE,,2024-09-27 09:09:33+00:00,2027-11-10,4511.0,FC,899.0,FC,BT,BT,non classé,non classé
16,,ANAFLAME 10X10,,2024-09-27 09:12:06+00:00,2027-10-10,45111.0,FC,5511.0,FC,BT,BT,non classé,non classé
18,,AMOXYCICLINE 250MG 10X10,,2024-09-27 09:17:58+00:00,2027-10-12,4511.0,FC,6211.0,FC,BT,BT,non classé,non classé
26,,DIAZEPA 10X10,,2024-09-27 09:38:21+00:00,2027-10-10,1300.0,FC,2399.0,FC,BT,BT,non classé,non classé
36,,IBUPROFEN 10X10,,2024-09-27 09:53:20+00:00,2027-10-10,2871.0,FC,3711.0,FC,BT,BT,non classé,non classé
37,,DICLOFENAC 10X10,,2024-09-27 09:54:24+00:00,2027-10-10,666.0,FC,751.0,FC,BT,BT,non classé,non classé
40,,PAPAVERINE 10X10,,2024-09-27 09:58:48+00:00,2027-10-10,3300.0,FC,3899.0,FC,BT,BT,non classé,non classé
46,,QUININE VR BT 100CS,,2024-09-27 10:09:27+00:00,2027-10-10,3500.0,FC,5500.0,FC,BT,BT,non classé,non classé
47,,QUININE VR BT 1000CS,,2024-09-27 10:11:31+00:00,2027-10-10,30000.0,FC,37500.0,FC,BT,BT,non classé,non classé
54,,ZENDEX BT 100CS,,2024-09-27 10:19:55+00:00,2027-10-10,3000.0,FC,6251.0,FC,BT,BT,non classé,non classé
55,,ACTION BT 100CS,,2024-09-27 10:21:45+00:00,2027-10-10,10400.0,FC,13888.0,FC,BT,BT,non classé,non classé
58,,LUAGRA SACHET 1BT 2PIECE,,2024-09-27 10:32:22+00:00,2027-10-10,1498.0,FC,1999.0,FC,BT,BT,non classé,non classé
63,,TENSIOMETRE DIGITAL,,2024-09-27 10:40:47+00:00,2027-10-10,30000.0,FC,98888.0,FC,BT,BT,non classé,non classé
17,,AMOXYCICLINE 500MG PL 10CAPS,,2024-09-27 09:16:31+00:00,2027-10-10,761.0,FC,867.0,FC,PL,PL,non classé,non classé
21,,ARTHEMETE INJ PL 6 AMP,,2024-09-27 09:27:13+00:00,2027-10-10,1281.0,FC,1389.0,FC,PL,PL,non classé,non classé
43,,QUININE 250MG PL 10CS,,2024-09-27 10:04:25+00:00,2027-10-10,2289.0,FC,2521.0,FC,PL,PL,non classé,non classé
23,,VITAMINE BCX INJ PL 10 AMP,,2024-09-27 09:32:25+00:00,2027-10-10,891.0,FC,1299.0,FC,PL,PL,non classé,non classé
29,,SERINGUE 5ML 1PC,,2024-09-27 09:44:14+00:00,2027-10-10,105.0,FC,128.0,FC,PC,PC,non classé,non classé
32,,SERINGUE 20ML 1PC,,2024-09-27 09:47:29+00:00,2027-10-10,500.0,FC,1671.0,FC,PC,PC,non classé,non classé
31,,SERINGUE 10 ML 1PC,,2024-09-27 09:46:28+00:00,2027-10-10,147.0,FC,189.0,FC,PC,PC,non classé,non classé
30,,SERINGUE 2ML 1PC,,2024-09-27 09:45:27+00:00,2027-10-10,103.0,FC,119.0,FC,PC,PC,non classé,non classé
28,,DOXYCICLINE CAPS PL10,,2024-09-27 09:41:44+00:00,2027-10-10,418.0,FC,789.0,FC,PL,PL,non classé,non classé
51,,VITAMINE BCX 10X10,,2024-09-27 10:16:37+00:00,2027-10-10,1200.0,FC,1897.0,FC,BT,BT,non classé,non classé
45,,QUININE 500MG PL 10CS,,2024-09-27 10:07:57+00:00,2027-10-10,2891.0,FC,3871.0,FC,PL,PL,non classé,non classé
49,,QUININE SUROP 1FL,,2024-09-27 10:14:20+00:00,2027-10-10,4500.0,FC,5500.0,FC,FL,FL,non classé,non classé
48,,QUININE GOUTTE,,2024-09-27 10:12:35+00:00,2027-10-10,1100.0,FC,1899.0,FC,FL,FL,non classé,non classé
14,,MULTIVITAMINE 10X10,,2024-09-26 20:14:13+00:00,2027-09-10,550.0,FC,899.0,FC,BT,BT,non classé,non classé
44,,QUININE 300MG PL 10CS,,2024-09-27 10:07:10+00:00,2027-10-10,2291.0,FC,2589.0,FC,PL,PL,non classé,non classé
39,,PROGESTERONE INJ PL 10AMP,,2024-09-27 09:57:13+00:00,2027-10-10,1431.0,FC,2211.0,FC,PL,PL,non classé,non classé
33,,LUAGRA PL 2CS,,2024-09-27 09:48:18+00:00,2027-10-10,579.0,FC,689.0,FC,PL,PL,non classé,non classé
52,,PARACETAMOLE SUROP 1FL,,2024-09-27 10:17:28+00:00,2027-10-10,1451.0,FC,1678.0,FC,FL,FL,non classé,non classé
41,,PAPAVERINE INJ PL 10AMP,,2024-09-27 10:00:58+00:00,2027-10-10,2200.0,FC,2789.0,FC,PL,PL,non classé,non classé
65,,DEXAMETAZONE GOUTTE,,2024-09-27 10:43:36+00:00,2027-10-10,687.0,FC,1299.0,FC,FL,FL,non classé,non classé
57,,TEMPERINE INJ PL 5AMP,,2024-09-27 10:29:10+00:00,2027-10-10,8700.0,FC,11999.0,FC,PL,PL,non classé,non classé
59,,CHIMAR PL 10CS,,2024-09-27 10:34:03+00:00,2027-10-10,2000.0,FC,3999.0,FC,PL,PL,non classé,non classé
53,,PARACETAMOL INJ PL 5AMP,,2024-09-27 10:18:34+00:00,2027-10-10,1541.0,FC,1981.0,FC,PL,PL,non classé,non classé
56,,TEMPERINE PL 4 CS,,2024-09-27 10:24:42+00:00,2027-10-10,1500.0,FC,2258.0,FC,PL,PL,non classé,non classé
62,,CARNE HEMOGLOBINE,,2024-09-27 10:39:47+00:00,2027-10-10,2999.0,FC,4998.0,FC,FL,FL,non classé,non classé
61,,TRAMADOL INJ 1AMP,,2024-09-27 10:36:44+00:00,2027-10-10,500.0,FC,899.0,FC,AMP,AMP,non classé,non classé
64,,TENSIOMETRE MANUEL,,2024-09-27 10:41:57+00:00,2027-10-10,24000.0,FC,30500.0,FC,PC,PC,non classé,non classé
60,,CHIMAR INJ 1MP,,2024-09-27 10:35:10+00:00,2027-10-10,2600.0,FC,3879.0,FC,AMP,AMP,non classé,non classé
22,,GENTAMICINE INJ PL 10AMP,,2024-09-27 09:30:10+00:00,2028-12-12,1511.0,FC,1788.0,FC,PL,PL,non classé,non classé
24,,VITAMINE B12 PL 10 AMP,,2024-09-27 09:34:35+00:00,2029-12-12,871.0,FC,1099.0,FC,PL,PL,non classé,non classé
42,,QUININE INJ PL 10AMP,,2024-09-27 10:02:15+00:00,2028-12-12,3811.0,FC,8971.0,FC,PL,PL,non classé,non classé
25,,GENTAMISINE GOUTTE,,2024-09-27 09:37:37+00:00,2028-12-12,611.0,FC,981.0,FC,FL,FL,non classé,non classé
38,,DICLOFENAC INJ PL 10AMP,,2024-09-27 09:56:05+00:00,2027-10-10,1432.0,FC,1687.0,FC,PL,PL,non classé,non classé
11,,NOCIGEL SACHET PC,,2024-09-26 20:08:14+00:00,2028-12-12,899.0,FC,1099.0,FC,PC,PC,non classé,non classé
34,,IBUCAP 10X10,,2024-09-27 09:51:07+00:00,2028-12-12,3511.0,FC,3800.0,FC,BT,BT,non classé,non classé
71,,CITRATE 250ML BT 5PC,,2024-09-27 10:51:17+00:00,2027-10-10,16000.0,FC,17899.0,FC,BT,BT,non classé,non classé
73,,CITRATE 450ML BT 5PC,,2024-09-27 10:56:51+00:00,2027-10-10,15000.0,FC,17899.0,FC,BT,BT,non classé,non classé
78,,VERMOX BT 25X6,,2024-09-27 11:13:56+00:00,2027-10-10,2766.0,FC,3299.0,FC,BT,BT,non classé,non classé
83,,TETRACICLINE 10X10,,2024-09-27 11:37:21+00:00,2027-10-10,4300.0,FC,4896.0,FC,BT,BT,non classé,non classé
86,,TANZOL SUROP,,2024-09-27 11:47:58+00:00,2027-10-10,876.0,FC,1467.0,FC,BT,BT,non classé,non classé
88,,ACIDI FOLIC,,2024-09-27 11:54:07+00:00,2027-10-10,561.0,FC,899.0,FC,BT,BT,non classé,non classé
92,,TRIBEX FORT INJ PL 10AMP,,2024-09-27 12:24:27+00:00,2027-10-10,2655.0,FC,2999.0,FC,BT,BT,non classé,non classé
93,,TRIBEX FORT 10X3,,2024-09-27 12:25:35+00:00,2027-10-10,1455.0,FC,1999.0,FC,BT,BT,non classé,non classé
98,,COMPRESSE 40X40 BT 10PC,,2024-09-27 14:05:10+00:00,2027-10-10,2333.0,FC,3211.0,FC,BT,BT,non classé,non classé
101,,TERMOMETRE MERCURE,,2024-09-27 14:08:46+00:00,2027-10-10,4000.0,FC,5999.0,FC,BT,BT,non classé,non classé
102,,GANT VRAGUE,,2024-09-27 14:14:16+00:00,2027-10-10,5000.0,FC,12000.0,FC,BT,BT,non classé,non classé
103,,GANT NON STERILE,,2024-09-27 14:30:41+00:00,2027-10-10,7000.0,FC,12000.0,FC,BT,BT,non classé,non classé
105,,DEXAROSE 10X10,,2024-09-27 14:53:15+00:00,2027-10-10,1888.0,FC,2899.0,FC,BT,BT,non classé,non classé
109,,MIFUPEN BT 100CS,,2024-09-27 15:05:49+00:00,2027-10-10,8888.0,FC,12877.0,FC,BT,BT,non classé,non classé
111,,BICARBONATE,,2024-09-27 15:09:37+00:00,2027-10-10,611.0,FC,967.0,FC,BT,BT,non classé,non classé
115,,AMIGYN BT 12CS,,2024-10-02 12:01:16.897000+00:00,2027-10-10,2500.0,FC,4876.0,FC,BT,BT,non classé,non classé
117,,PRUDANCE BT 144,,2024-10-02 12:18:43.335000+00:00,2028-12-10,5000.0,FC,10899.0,FC,BT,BT,non classé,non classé
120,,PREVENT BT DE 100CS,,2024-10-02 14:29:49.910000+00:00,2028-10-09,40000.0,FC,40000.0,FC,BT,BT,non classé,non classé
122,,FAMICALD 10X10,,2024-10-02 14:36:26.961000+00:00,2026-10-11,5500.0,FC,5500.0,FC,BT,BT,non classé,non classé
123,,SUREMED TEST BT 50PC,,2024-10-02 14:38:30.844000+00:00,2027-10-11,7000.0,FC,7000.0,FC,BT,BT,non classé,non classé
107,,CONFON GOUTTE PC,,2024-09-27 14:59:10+00:00,2027-10-10,1011.0,FC,1199.0,FC,PC,PC,non classé,non classé
100,,COTON PC,,2024-09-27 14:07:27+00:00,2027-10-10,7000.0,FC,15222.0,FC,PC,PC,non classé,non classé
81,,EAU DISTILE PC,,2024-09-27 11:29:23+00:00,2027-10-10,171.0,FC,199.0,FC,PC,PC,non classé,non classé
76,,SONDE URINAIR N 16 PC,,2024-09-27 11:00:38+00:00,2027-10-10,2455.0,FC,3999.0,FC,PC,PC,non classé,non classé
75,,SAC COLECTER PC,,2024-09-27 10:59:15+00:00,2027-10-10,1500.0,FC,4000.0,FC,PC,PC,non classé,non classé
74,,CITRATE 450ML 1PC,,2024-09-27 10:57:42+00:00,2027-10-10,2877.0,FC,3571.0,FC,PC,PC,non classé,non classé
72,,CITRATE 250ML 1PC,,2024-09-27 10:54:53+00:00,2027-10-10,2881.0,FC,3500.0,FC,PC,PC,non classé,non classé
68,,SERUM GLUCOSE,,2024-09-27 10:47:23+00:00,2027-10-10,3511.0,FC,3781.0,FC,BX,BX,non classé,non classé
70,,SERUM PHISIO,,2024-09-27 10:49:51+00:00,2027-10-10,3300.0,FC,3731.0,FC,BX,BX,non classé,non classé
84,,TETRA PL 10 CAPS,,2024-09-27 11:41:24+00:00,2027-10-10,431.0,FC,478.0,FC,PL,PL,non classé,non classé
85,,EAU DIGESTIVE SUROP,,2024-09-27 11:46:48+00:00,2027-10-10,1451.0,FC,1689.0,FC,FL,FL,non classé,non classé
66,,VITR0N Z SUROP FL,,2024-09-27 10:44:54+00:00,2027-10-10,5877.0,FC,6871.0,FC,FL,FL,non classé,non classé
77,,CEFTRIAXONE 1GM,,2024-09-27 11:12:57+00:00,2027-10-10,699.0,FC,767.0,FC,FL,FL,non classé,non classé
80,,AMPICILINE 1GR,,2024-09-27 11:26:57+00:00,2027-10-10,421.0,FC,487.0,FC,FL,FL,non classé,non classé
69,,SERUM RINGER,,2024-09-27 10:49:04+00:00,2028-12-12,3511.0,FC,3891.0,FC,BX,BX,non classé,non classé
91,,MAGENE PLUS GOUTTE,,2024-09-27 12:03:20+00:00,2027-10-10,4500.0,FC,6211.0,FC,FL,FL,non classé,non classé
89,,HAEMBANK SUROP 200ML,,2024-09-27 11:56:42+00:00,2027-10-10,8700.0,FC,12777.0,FC,FL,FL,non classé,non classé
87,,VERMOX SUROP,,2024-09-27 11:49:42+00:00,2027-10-10,786.0,FC,1456.0,FC,FL,FL,non classé,non classé
90,,AMLOR 5MG PL 10CAPS,,2024-09-27 12:00:34+00:00,2027-10-10,8766.0,FC,10881.0,FC,PL,PL,non classé,non classé
94,,ACT ADULT PL 6CS,,2024-09-27 12:45:11+00:00,2027-10-10,200.0,FC,988.0,FC,PL,PL,non classé,non classé
95,,POVIDONE FL,,2024-09-27 14:02:13+00:00,2027-10-10,4000.0,FC,5432.0,FC,FL,FL,non classé,non classé
110,,DR GOLD PL 4CS,,2024-09-27 15:07:55+00:00,2027-10-10,233.0,FC,340.0,FC,PL,PL,non classé,non classé
97,,LIDOCAINE 2%,,2024-09-27 14:04:10+00:00,2027-10-10,1111.0,FC,1451.0,FC,FL,FL,non classé,non classé
104,,MEPROBAMATE PL 10CS,,2024-09-27 14:49:18+00:00,2027-10-10,13211.0,FC,1887.0,FC,PL,PL,non classé,non classé
99,,AMOXYCICLINE SUROP FL,,2024-09-27 14:06:41+00:00,2027-10-10,987.0,FC,1299.0,FC,FL,FL,non classé,non classé
96,,ZINC PL 10CS,,2024-09-27 14:03:08+00:00,2027-10-10,200.0,FC,576.0,FC,PL,PL,non classé,non classé
112,,TRAMADOL PL 10CAPS,,2024-09-27 15:10:25+00:00,2027-10-10,1211.0,FC,1521.0,FC,PL,PL,non classé,non classé
106,,DR MAISON PL 10CS,,2024-09-27 14:54:39+00:00,2027-10-10,487.0,FC,621.0,FC,PL,PL,non classé,non classé
79,,DICLOFENAC SUPO,,2024-09-27 11:14:55+00:00,2027-10-10,1455.0,FC,2099.0,FC,BT,BT,non classé,non classé
82,,S.R.O,,2024-09-27 11:32:42+00:00,2028-12-12,251.0,FC,389.0,FC,PC,PC,non classé,non classé
118,,DICLOMEX PL 10CS,,2024-10-02 12:27:18.338000+00:00,2027-12-01,300.0,FC,897.0,FC,PL,PL,non classé,non classé
121,,ANTIFUNGALE TUBE,,2024-10-02 14:33:56.578000+00:00,2026-01-10,1000.0,FC,1000.0,FC,PC,PC,non classé,non classé
119,,SYLUMET FORT PL 6CS,,2024-10-02 14:28:06.077000+00:00,2027-10-09,3000.0,FC,3000.0,FC,PL,PL,non classé,non classé
124,,POWAGRA BT 30PL,,2024-10-02 14:39:46.856000+00:00,2027-12-11,16000.0,FC,16000.0,FC,BT,BT,non classé,non classé
128,,PILL FEM PLUS,,2024-10-02 14:49:40.547000+00:00,2027-10-11,4000.0,FC,4000.0,FC,BT,BT,non classé,non classé
130,,AZIMAP BT 20 PL,,2024-10-02 14:53:03.425000+00:00,2026-12-01,20000.0,FC,20000.0,FC,BT,BT,non classé,non classé
132,,HELICOBACTEUR BT 25PL,,2024-10-02 14:57:08.076000+00:00,2027-10-01,42000.0,FC,42000.0,FC,BT,BT,non classé,non classé
133,,TOP 100 BT 25 PL,,2024-10-02 15:00:10.990000+00:00,2027-10-09,35000.0,FC,35000.0,FC,BT,BT,non classé,non classé
155,,DICLOFENAC SUPO BT 10PC,,2024-10-02 16:59:07.037000+00:00,2028-10-10,1511.0,FC,1999.0,FC,BT,BT,non classé,non classé
156,,SUPER APETIT BT 10X2,,2024-10-02 19:54:56.928000+00:00,2028-10-11,451.0,FC,591.0,FC,BT,BT,non classé,non classé
162,,TANZOL BT 20CS,,2024-10-03 09:30:38.280000+00:00,2028-11-11,5800.0,FC,6877.0,FC,BT,BT,non classé,non classé
165,,CHLORAPHENERAMINE 10X10,,2024-10-03 09:35:13.761000+00:00,2027-10-10,671.0,FC,899.0,FC,BT,BT,non classé,non classé
166,,AMINOPHILINE 10X10,,2024-10-03 09:36:02.638000+00:00,2027-10-10,1500.0,FC,2291.0,FC,BT,BT,non classé,non classé
168,,MECTIZAN BT,,2024-10-03 09:38:22.928000+00:00,2027-10-11,14000.0,FC,20000.0,FC,BT,BT,non classé,non classé
171,,INDOCIDE 10X10,,2024-10-03 09:46:08.718000+00:00,2027-10-12,1700.0,FC,2877.0,FC,BT,BT,non classé,non classé
174,,PARACETAMOL 10X10,,2024-10-03 10:03:39.153000+00:00,2027-12-12,1400.0,FC,1989.0,FC,BT,BT,non classé,non classé
175,,VITAMINE 10X10 CS,,2024-10-03 10:07:15.801000+00:00,2028-10-10,1300.0,FC,1898.0,FC,BT,BT,non classé,non classé
177,,LC CLAV 1125 BT 2X8CS,,2024-10-03 10:53:35.590000+00:00,2027-12-12,14450.0,FC,14450.0,FC,BT,BT,non classé,non classé
178,,LC CLAV 562.5 BT 2X8CS,,2024-10-03 10:58:55.949000+00:00,2027-12-10,10115.0,FC,10115.0,FC,BT,BT,non classé,non classé
126,,MEDI DERME TUBE 1PC,,2024-10-02 14:42:49+00:00,2027-10-11,1600.0,FC,1600.0,FC,PC,PC,non classé,non classé
127,,OXYN TUBE 3OG 1PC,,2024-10-02 14:44:09+00:00,2027-10-11,1200.0,FC,1200.0,FC,PC,PC,non classé,non classé
131,,CHALEUR POUVOIR,,2024-10-02 14:56:02.674000+00:00,2028-01-11,1200.0,FC,1200.0,FC,PC,PC,non classé,non classé
148,,VITAMINE C PL 10AMP,,2024-10-02 16:13:26.006000+00:00,2028-12-12,4300.0,FC,4981.0,FC,PL,PL,non classé,non classé
176,,VITAMINE B1 10X10,,2024-10-03 10:08:39.135000+00:00,2028-12-12,1300.0,FC,2399.0,FC,BT,BT,non classé,non classé
144,,SERUM RINGER PC,,2024-10-02 16:03:12+00:00,2028-10-10,3700.0,FC,3899.0,FC,BX,BX,non classé,non classé
158,,TROUSSE PERF PC,,2024-10-02 19:57:40+00:00,2026-10-10,331.0,FC,478.0,FC,PC,PC,non classé,non classé
160,,POMADE ANTIGAL PC,,2024-10-03 09:27:54+00:00,2027-10-10,899.0,FC,1299.0,FC,PC,PC,non classé,non classé
159,,BAUME DE NERD PC,,2024-10-03 09:26:01+00:00,2027-10-11,2300.0,FC,3488.0,FC,PC,PC,non classé,non classé
161,,KETAZOL TUBE PC,,2024-10-03 09:28:50+00:00,2027-10-10,899.0,FC,1099.0,FC,PC,PC,non classé,non classé
147,,AT 120MG PC,,2024-10-02 16:11:59+00:00,2027-10-12,3500.0,FC,5111.0,FC,PC,PC,non classé,non classé
129,,MIVOLIS EFF 1PC,,2024-10-02 14:51:08+00:00,2028-12-12,4000.0,FC,4000.0,FC,PC,PC,non classé,non classé
134,,RELIEF PL 10CS,,2024-10-02 15:38:41.699000+00:00,2027-01-03,451.0,FC,576.0,FC,PL,PL,non classé,non classé
169,,DEXAMETAZONE INJ PL 10AMP,,2024-10-03 09:41:56.704000+00:00,2027-12-11,871.0,FC,1398.0,FC,PL,PL,non classé,non classé
136,,PENIV PL 10CS,,2024-10-02 15:40:51.399000+00:00,2027-10-10,681.0,FC,831.0,FC,PL,PL,non classé,non classé
139,,PPF FLACON,,2024-10-02 15:47:50.664000+00:00,2028-10-10,876.0,FC,987.0,FC,FL,FL,non classé,non classé
138,,CLOXACICLINE 1GR 1FL,,2024-10-02 15:46:02.679000+00:00,2027-01-10,677.0,FC,1411.0,FC,FL,FL,non classé,non classé
142,,SPASFON INJ 1AMP,,2024-10-02 15:59:05.253000+00:00,2028-10-10,2500.0,FC,3111.0,FC,AMP,AMP,non classé,non classé
154,,IBUCAP FORT PL 10CAPS,,2024-10-02 16:49:58.042000+00:00,2028-12-12,511.0,FC,687.0,FC,PL,PL,non classé,non classé
141,,DOXYCICLINE PL 10CAPS,,2024-10-02 15:56:20.813000+00:00,2028-10-10,451.0,FC,698.0,FC,PL,PL,non classé,non classé
143,,S.R.O SACHET 1PC,,2024-10-02 16:01:49+00:00,2028-12-12,250.0,FC,389.0,FC,PC,PC,non classé,non classé
146,,CEFIXIM 200MG PL10CS,,2024-10-02 16:07:54.556000+00:00,2028-10-10,2300.0,FC,2681.0,FC,PL,PL,non classé,non classé
150,,VITAMINE B12 1NJ PL1AMP,,2024-10-02 16:35:56.845000+00:00,2028-10-10,811.0,FC,1211.0,FC,PL,PL,non classé,non classé
149,,VITAMINE B1 PL 10AMP,,2024-10-02 16:18:45.703000+00:00,2027-10-10,811.0,FC,1211.0,FC,PL,PL,non classé,non classé
151,,AMOXYCICLINE 500MG 1PL 10CAPS,,2024-10-02 16:45:28.793000+00:00,2026-10-10,721.0,FC,861.0,FC,PL,PL,non classé,non classé
153,,GRISEVIN PL 1OCS,,2024-10-02 16:49:03.906000+00:00,2027-10-10,1299.0,FC,1981.0,FC,PL,PL,non classé,non classé
170,,PROGESTERONE INJ PL10AMP,,2024-10-03 09:45:11.836000+00:00,2028-11-12,1300.0,FC,2211.0,FC,PL,PL,non classé,non classé
145,,VITAMINE C PL 10CS,,2024-10-02 16:06:22.079000+00:00,2028-10-10,451.0,FC,671.0,FC,PL,PL,non classé,non classé
167,,ZEBU PL 10CS,,2024-10-03 09:37:18.604000+00:00,2028-10-10,781.0,FC,989.0,FC,PL,PL,non classé,non classé
163,,DIAZEPAN INJ PL 10AMP,,2024-10-03 09:32:22.276000+00:00,2028-12-12,7111.0,FC,10500.0,FC,PL,PL,non classé,non classé
157,,HYDROCORTIZONE 1FL,,2024-10-02 19:56:21.909000+00:00,2027-12-12,711.0,FC,978.0,FC,FL,FL,non classé,non classé
172,,ERYTRO SUROP FL,,2024-10-03 09:58:36.174000+00:00,2028-12-12,1451.0,FC,1711.0,FC,FL,FL,non classé,non classé
173,,PROMETAZINE SUROP FL,,2024-10-03 10:00:02.385000+00:00,2028-12-12,1451.0,FC,1711.0,FC,FL,FL,non classé,non classé
137,,CLOXACICLINE 500MG PL 10CAPS,,2024-10-02 15:44:04.538000+00:00,2028-12-12,1211.0,FC,1488.0,FC,PL,PL,non classé,non classé
135,,ERYTROMICINE 500MG PL 10CS,,2024-10-02 15:39:59.876000+00:00,2028-12-12,1200.0,FC,1511.0,FC,PL,PL,non classé,non classé
181,,CEFUNAT 100 PL 10CS,,2024-10-03 11:07:18.819000+00:00,2027-12-10,4046.0,FC,4046.0,FC,BT,BT,non classé,non classé
182,,CEFUNAT 200 PL 10CS,,2024-10-03 11:08:41.240000+00:00,2028-12-12,5491.0,FC,5491.0,FC,BT,BT,non classé,non classé
183,,CEFUNAT 400 PL 10CS,,2024-10-03 11:10:02.578000+00:00,2028-12-12,8381.0,FC,8381.0,FC,BT,BT,non classé,non classé
184,,LEOCON 500 PL 10CS,,2024-10-03 11:12:51.132000+00:00,2028-12-12,6936.0,FC,6936.0,FC,BT,BT,non classé,non classé
185,,LEOCON 750 PL 10CS,,2024-10-03 11:15:48.371000+00:00,2027-12-12,10982.0,FC,10982.0,FC,BT,BT,non classé,non classé
186,,NEW ZITA 500 PL 5CS,,2024-10-03 11:18:06.382000+00:00,2028-12-12,7225.0,FC,7225.0,FC,BT,BT,non classé,non classé
187,,NEW ZITA SUSP,,2024-10-03 11:20:25.013000+00:00,2027-12-29,7225.0,FC,7225.0,FC,BT,BT,non classé,non classé
209,,CONTHER 20/120 BT 6CS,,2024-10-05 11:07:50.236000+00:00,2027-10-22,4624.0,FC,4624.0,FC,BT,BT,non classé,non classé
210,,CONTHER 80/480 BT 6CS,,2024-10-05 11:15:02.985000+00:00,2027-10-22,7514.0,FC,7514.0,FC,BT,BT,non classé,non classé
211,,PANTOCON 40MG BT 30CS,,2024-10-05 11:20:30.592000+00:00,2027-10-22,10982.0,FC,10982.0,FC,BT,BT,non classé,non classé
215,,ACP PLUS PL 10CS,,2024-10-05 11:33:10.244000+00:00,2027-10-22,5202.0,FC,5202.0,FC,BT,BT,non classé,non classé
221,,DAKIN VR BT/100CES,,2024-10-06 15:17:02.323000+00:00,2028-12-12,4511.0,FC,6511.0,FC,BT,BT,non classé,non classé
222,,METRONIDAZOLE 10X10,,2024-10-06 15:19:34.027000+00:00,2028-12-12,1987.0,FC,2199.0,FC,BT,BT,non classé,non classé
223,,SPARDRA TROUE RL,,2024-10-06 15:26:36.672000+00:00,2028-12-12,13888.0,FC,14888.0,FC,BT,BT,non classé,non classé
231,,VITAMINE K3 INJ PL 10AMP,,2024-10-07 11:27:27.833000+00:00,2027-10-07,1500.0,FC,2211.0,FC,PL,PL,non classé,non classé
233,,PERMANGANATE BT/1OOCSE VR,,2024-10-07 12:02:13.456000+00:00,2027-10-07,7000.0,FC,10995.0,FC,BT,BT,non classé,non classé
234,,INDOSIDE SUPO BT/10PC,,2024-10-07 12:09:57.107000+00:00,2027-10-07,1511.0,FC,1876.0,FC,BT,BT,non classé,non classé
235,,CAF PL 10CAPS,,2024-10-07 12:51:46.173000+00:00,2027-10-07,671.0,FC,899.0,FC,PL,PL,non classé,non classé
236,,VITAMINE B6 10X10,,2024-10-07 13:01:14.710000+00:00,2027-10-07,1220.0,FC,1897.0,FC,BT,BT,non classé,non classé
237,,CAF GOUTTE,,2024-10-07 17:07:36.548000+00:00,2027-10-07,511.0,FC,899.0,FC,FL,FL,non classé,non classé
238,,SUPOMEX BT/2PL,,2024-10-07 17:10:44.661000+00:00,2027-10-07,451.0,FC,578.0,FC,PL,PL,non classé,non classé
239,,AT 60 FL,,2024-10-07 17:11:46.354000+00:00,2027-10-07,1500.0,FC,2711.0,FC,FL,FL,non classé,non classé
240,,AT 30 FL,,2024-10-07 17:12:15.651000+00:00,2027-10-07,1500.0,FC,2871.0,FC,FL,FL,non classé,non classé
241,,CIPROFLOXACIN 1PL 10CS,,2024-10-08 07:23:10.069000+00:00,2027-10-08,671.0,FC,789.0,FC,PL,PL,non classé,non classé
242,,CIPROFLOXACIN INF FL,,2024-10-08 07:24:05.465000+00:00,2027-10-08,1211.0,FC,1398.0,FC,FL,FL,non classé,non classé
243,,METRONIDAZOLE INF FL,,2024-10-08 07:24:38.746000+00:00,2027-10-08,1211.0,FC,1398.0,FC,FL,FL,non classé,non classé
244,,SOCOMOL PL 10CES,,2024-10-08 07:29:03.430000+00:00,2027-10-08,876.0,FC,1143.0,FC,PL,PL,non classé,non classé
245,,EXTANCILINE FL,,2024-10-08 10:46:38.059000+00:00,2027-10-08,651.0,FC,987.0,FC,FL,FL,non classé,non classé
246,,CEFAM PL 10 CAPS,,2024-10-08 10:53:45.307000+00:00,2027-10-08,4500.0,FC,5000.0,FC,PL,PL,non classé,non classé
247,,ERGOMETRINE PL 10AMP,,2024-10-08 11:23:33.111000+00:00,2027-10-08,5000.0,FC,7861.0,FC,PL,PL,non classé,non classé
248,,BANDE LASTIC PC,,2024-10-08 11:34:03.526000+00:00,2027-10-08,500.0,FC,831.0,FC,PC,PC,non classé,non classé
249,,STUMILEX 1X10 PL10CES,,2024-10-08 11:35:31.180000+00:00,2027-10-08,5000.0,FC,6712.0,FC,PL,PL,non classé,non classé
250,,POMADE VITAGO PC,,2024-10-09 11:47:43.752000+00:00,2027-10-09,876.0,FC,1099.0,FC,PC,PC,non classé,non classé
251,,ALCOL 60 ML FL,,2024-10-09 11:49:44.223000+00:00,2027-10-09,876.0,FC,1387.0,FC,FL,FL,non classé,non classé
252,,DICLOFENAC TUBE PC,,2024-10-09 11:52:35.906000+00:00,2027-10-09,876.0,FC,1478.0,FC,PC,PC,non classé,non classé
219,,CATHETER G24 PC,,2024-10-06 15:05:03+00:00,2027-12-12,251.0,FC,315.0,FC,PC,PC,non classé,non classé
208,,ASTIR 240MG INJ,,2024-10-05 11:05:39+00:00,2027-10-22,13872.0,FC,13872.0,FC,FL,FL,non classé,non classé
207,,ASTIR 180 MG INJ,,2024-10-05 11:04:20+00:00,2027-10-22,10982.0,FC,10982.0,FC,FL,FL,non classé,non classé
193,,ASTIR 60 MG INJ,,2024-10-03 11:37:11+00:00,2027-12-12,5346.0,FC,5346.0,FC,FL,FL,non classé,non classé
192,,ASTIR 30 MG,,2024-10-03 11:31:51+00:00,2028-12-12,3612.0,FC,3612.0,FC,FL,FL,non classé,non classé
190,,CONCEF FORT INJ,,2024-10-03 11:28:18.373000+00:00,2028-12-12,4913.0,FC,4913.0,FC,FL,FL,non classé,non classé
189,,CONCEF 1GM INJ,,2024-10-03 11:26:40.233000+00:00,2028-12-12,3179.0,FC,3179.0,FC,FL,FL,non classé,non classé
218,,Cefatax,,2024-10-06 14:57:02.348000+00:00,2028-12-12,571.0,FC,761.0,FC,FL,FL,non classé,non classé
191,,CONCEF PLUS INJ,,2024-10-03 11:29:51.725000+00:00,2028-12-12,6502.0,FC,6502.0,FC,FL,FL,non classé,non classé
216,,VOLGESIC PLUS creme,,2024-10-05 11:34:52.887000+00:00,2028-12-12,2167.0,FC,2167.0,FC,PC,PC,non classé,non classé
213,,OMESCOT 40 MG INJ 1FL,,2024-10-05 11:25:09.209000+00:00,2028-12-12,2312.0,FC,2312.0,FC,FL,FL,non classé,non classé
214,,ACICURE SUSPENSION SUSP,,2024-10-05 11:31:28.413000+00:00,2028-12-12,6502.0,FC,6502.0,FC,FL,FL,non classé,non classé
217,,TONE ON PLUS,,2024-10-05 11:37:00.832000+00:00,2028-12-12,7947.0,FC,7947.0,FC,FL,FL,non classé,non classé
194,,ASTIR 120 MG INJ,,2024-10-03 11:40:27.794000+00:00,2028-12-12,8381.0,FC,8381.0,FC,FL,FL,non classé,non classé
212,,PANTOCON 40MG INJ 1FL,,2024-10-05 11:23:16.296000+00:00,2028-12-12,3468.0,FC,3468.0,FC,FL,FL,non classé,non classé
179,,LC CLAV 562.5 SUSP,,2024-10-03 11:03:33.409000+00:00,2028-12-12,10115.0,FC,10115.0,FC,FL,FL,non classé,non classé
206,,ASTIR 150 MG INJ,,2024-10-05 10:58:03+00:00,2027-10-22,9392.0,FC,9392.0,FC,FL,FL,non classé,non classé
253,,SUPER APETIT SUROP,,2024-10-09 11:55:33.319000+00:00,2027-10-09,1700.0,FC,3700.0,FC,FL,FL,non classé,non classé
254,,KAPTOLE SUSP,,2024-10-09 12:53:49.390000+00:00,2027-10-09,2677.0,FC,4289.0,FC,FL,FL,non classé,non classé
259,,HEMOFORCE 200 ML FL,,2024-10-10 08:55:38.760000+00:00,2027-10-10,6000.0,FC,9211.0,FC,FL,FL,non classé,non classé
260,,KANAMISINE FL,,2024-10-10 08:57:59.773000+00:00,2027-10-10,587.0,FC,897.0,FC,FL,FL,non classé,non classé
261,,CIMETEDINE INJ PL 10AMP,,2024-10-10 09:03:13.759000+00:00,2027-10-10,1999.0,FC,3500.0,FC,PL,PL,non classé,non classé
262,,TETRA TUBE PC,,2024-10-10 09:05:11.791000+00:00,2027-10-10,500.0,FC,890.0,FC,PC,PC,non classé,non classé
263,,OMEPRAZOL PL 10CAPS,,2024-10-10 09:11:06.595000+00:00,2027-10-10,351.0,FC,587.0,FC,PL,PL,non classé,non classé
269,,CATHETER G22 PC,,2024-10-11 11:29:32.512000+00:00,2027-06-17,250.0,FC,315.0,FC,PC,PC,non classé,non classé
270,,SERUM MIXTE BX,,2024-10-11 11:34:46.683000+00:00,2027-10-20,3200.0,FC,3600.0,FC,BX,BX,non classé,non classé
271,,DOLARIN 10X10,,2024-10-11 11:38:30.210000+00:00,2027-12-10,1900.0,FC,2200.0,FC,BT,BT,non classé,non classé
272,,OXYTOCIN PL 10 AMP,,2024-10-11 11:46:50.478000+00:00,2028-12-10,1800.0,FC,3000.0,FC,PL,PL,non classé,non classé
273,,GLUBENE M PL 30CES,,2024-10-11 11:54:20.807000+00:00,2028-12-12,4500.0,FC,5000.0,FC,PL,PL,non classé,non classé
274,,CAPTOPRIL PL 10CES,,2024-10-11 11:58:21.968000+00:00,2028-12-12,250.0,FC,766.0,FC,PL,PL,non classé,non classé
275,,KENACOR 40 FL,,2024-10-11 11:59:44.988000+00:00,2028-11-11,10000.0,FC,15000.0,FC,FL,FL,non classé,non classé
276,,SILK N°2/0 PC,,2024-10-11 12:01:49.211000+00:00,2028-11-12,700.0,FC,1250.0,FC,PC,PC,non classé,non classé
20,,KETAZOL PL 10CS,,2024-09-27 09:22:07+00:00,2027-10-10,1411.0,FC,1981.0,FC,PL,PL,non classé,non classé
301,,TROUSSE TRANSF PC,,2024-10-14 07:14:53.148082+00:00,2027-12-12,711.0,FC,899.0,FC,PC,PC,non classé,non classé
12,,TRAMADOL PL 10 CAPS,,2024-09-26 20:10:17+00:00,2027-10-12,1411.0,FC,1688.0,FC,PL,PL,non classé,non classé
302,,BANDE CAMBRIC,,2024-10-14 07:28:14.384523+00:00,2027-12-12,1200.0,FC,2988.0,FC,PC,PC,non classé,non classé
278,,PATOUX PL 8CS,,2024-10-11 14:56:36.611310+00:00,2027-12-12,576.0,FC,687.0,FC,PL,PL,non classé,non classé
279,,AMIDOL BT 10X25,,2024-10-12 07:17:45.705236+00:00,2027-12-12,4500.0,FC,5200.0,FC,BT,BT,non classé,non classé
281,,METRONIDAZOLE SUROP,,2024-10-12 07:34:23.951293+00:00,2027-12-12,1451.0,FC,1698.0,FC,PC,PC,non classé,non classé
282,,DEXTRSE G50 PC,,2024-10-12 08:04:45.299138+00:00,2028-12-12,1300.0,FC,1871.0,FC,PC,PC,non classé,non classé
283,,METOCLOPRAMIDE PL 10AMP,,2024-10-12 08:15:40.690693+00:00,2027-12-12,1888.0,FC,2211.0,FC,PL,PL,non classé,non classé
284,,GASTROMEX SUROP,,2024-10-12 08:19:18.101090+00:00,2027-12-12,1888.0,FC,3897.0,FC,FL,FL,non classé,non classé
286,,VICRIL N 2/0,,2024-10-12 09:58:07.891441+00:00,2028-12-12,1699.0,FC,2431.0,FC,PC,PC,non classé,non classé
287,,PENIKAL PL 10CAPS,,2024-10-12 10:39:16.628688+00:00,2028-12-12,764.0,FC,899.0,FC,PL,PL,non classé,non classé
290,,DEXAMETAZONE 10X10,,2024-10-12 10:40:20.446776+00:00,2028-12-12,500.0,FC,850.0,FC,BT,BT,non classé,non classé
292,,PRODNIZOLONE 10X10,,2024-10-12 10:43:20.844836+00:00,2028-12-12,500.0,FC,1800.0,FC,BT,BT,non classé,non classé
294,,BUSCOPAN INJ PL 10AMP,,2024-10-12 13:17:00.782722+00:00,2028-12-12,2211.0,FC,2711.0,FC,PL,PL,non classé,non classé
295,,COTRIMOXAZOL 10X10,,2024-10-12 13:19:47.213657+00:00,2028-12-12,3233.0,FC,3899.0,FC,BT,BT,non classé,non classé
296,,FUROSEMIDE INJ PL 10AMP,,2024-10-12 13:49:03.431398+00:00,2028-12-12,671.0,FC,1232.0,FC,PL,PL,non classé,non classé
297,,ATROPINE INJ PL 10AMP,,2024-10-12 13:52:37.211182+00:00,2028-12-12,1300.0,FC,1998.0,FC,PL,PL,non classé,non classé
298,,DAVIDRA PL 2CES,,2024-10-12 13:55:05.897778+00:00,2028-12-12,521.0,FC,698.0,FC,PL,PL,non classé,non classé
280,,CITRATE 250 ML PC,,2024-10-12 07:20:43+00:00,2027-12-12,2900.0,FC,3488.0,FC,PC,PC,non classé,non classé
220,,TEST GROSSE PC,,2024-10-06 15:14:07+00:00,2028-12-12,171.0,FC,229.0,FC,PC,PC,non classé,non classé
108,,GANT STERILE 1PC,,2024-09-27 15:00:43+00:00,2027-10-10,761.0,FC,876.0,FC,PC,PC,non classé,non classé
303,,BUSACODIL 10X10,,2024-10-14 08:05:44.193169+00:00,2027-12-12,1888.0,FC,2722.0,FC,BT,BT,non classé,non classé
304,,HEMOGLOBINE SUROP,,2024-10-14 08:07:53.507156+00:00,2027-12-12,1888.0,FC,3888.0,FC,FL,FL,non classé,non classé
305,,ALEZ PREV PL 1CES,,2024-10-14 10:49:10.766149+00:00,2028-12-12,500.0,FC,899.0,FC,PL,PL,non classé,non classé
306,,ANTI ACIDE 10X10,,2024-10-14 11:13:57.441747+00:00,2027-12-12,1800.0,FC,3899.0,FC,BT,BT,non classé,non classé
307,,SHALDEX GOUTTE FL,,2024-10-14 11:16:25.215900+00:00,2027-12-12,2800.0,FC,3388.0,FC,FL,FL,non classé,non classé
308,,MALADOX PL 3CES,,2024-10-14 11:18:40.263221+00:00,2027-12-12,500.0,FC,789.0,FC,PL,PL,non classé,non classé
314,,CANDATE PL 10CES,,2024-10-15 08:49:25.440660+00:00,2028-12-12,2000.0,FC,4211.0,FC,PL,PL,non classé,non classé
311,,CALME PL 10CES,,2024-10-15 08:45:51.739637+00:00,2028-12-12,2000.0,FC,3870.0,FC,PL,PL,non classé,non classé
312,,LAROXYL PL 10CES,,2024-10-15 08:47:17.210894+00:00,2028-12-12,2000.0,FC,3799.0,FC,PL,PL,non classé,non classé
313,,DEPAMAG 200MG PL 10CES,,2024-10-15 08:48:30.594403+00:00,2028-12-12,2000.0,FC,3980.0,FC,PL,PL,non classé,non classé
315,,HELERIDOL ALDOL PL 10CES,,2024-10-15 08:50:31.291485+00:00,2028-12-12,2000.0,FC,3877.0,FC,PL,PL,non classé,non classé
316,,CHLORPROMAZINE PL 10CES,,2024-10-15 08:51:29.572701+00:00,2028-12-12,3000.0,FC,5233.0,FC,PL,PL,non classé,non classé
317,,TEGRETOL PL 10CES,,2024-10-15 08:52:52.254747+00:00,2028-12-12,3000.0,FC,3689.0,FC,PL,PL,non classé,non classé
318,,RISPERIDAL 2MG PL 10CES,,2024-10-15 08:53:47.218709+00:00,2028-12-12,3000.0,FC,3897.0,FC,PL,PL,non classé,non classé
285,,S.A.T 1AMP,,2024-10-12 09:55:20.276619+00:00,2028-12-12,899.0,FC,1871.0,FC,AMP,AMP,non classé,non classé
320,,PROMETAZINE 10X10,,2024-10-15 13:33:41.606413+00:00,2028-12-11,1300.0,FC,2211.0,FC,BT,BT,non classé,non classé
321,,POMADE CAMPHRE PC,,2024-10-16 14:23:15.317503+00:00,2028-12-12,899.0,FC,1299.0,FC,PC,PC,non classé,non classé
322,,LOPRADE BT 25X6,,2024-10-16 14:29:22.832675+00:00,2028-12-12,2500.0,FC,3299.0,FC,BT,BT,non classé,non classé
323,,CO ARTHEM PL 12CS,,2024-10-17 09:22:20.694705+00:00,2028-12-12,1000.0,FC,1489.0,FC,PL,PL,non classé,non classé
324,,SPARDRA 2.5 CM PC,,2024-10-17 09:33:29.656757+00:00,2028-12-12,987.0,FC,1188.0,FC,PL,PL,non classé,non classé
325,,FUROSEMIDE 10X10,,2024-10-17 09:41:08.105470+00:00,2027-12-12,1400.0,FC,2788.0,FC,BT,BT,non classé,non classé
326,,PRODNIZOLONE. 10X10,,2024-10-17 09:51:06.849304+00:00,2028-12-12,1453.0,FC,1877.0,FC,BT,BT,non classé,non classé
327,,PREDNIZOLONE 10X10,,2024-10-17 09:53:12.715057+00:00,2028-12-12,1453.0,FC,1877.0,FC,BT,BT,non classé,non classé
328,,ASPIRINE 10X10,,2024-10-17 10:12:18.703635+00:00,2027-12-12,1988.0,FC,2271.0,FC,BT,BT,non classé,non classé
329,,ERYTROMICINE 250MG PL 10CS,,2024-10-17 10:15:40.352913+00:00,2027-12-12,671.0,FC,862.0,FC,PL,PL,non classé,non classé
330,,VITAMINE B6 INJ PL 10AMP,,2024-10-18 09:38:18.102366+00:00,2027-12-12,789.0,FC,1221.0,FC,PL,PL,non classé,non classé
331,,POLYGEL SUROP FL,,2024-10-18 10:00:11.372006+00:00,2027-12-12,2400.0,FC,3899.0,FC,FL,FL,non classé,non classé
332,,EPICRANIER G 21,,2024-10-20 07:09:02.973794+00:00,2028-12-12,151.0,FC,221.0,FC,PC,PC,non classé,non classé
333,,C 4 BT 2X10,,2024-10-20 13:57:47.898088+00:00,2028-12-12,476.0,FC,577.0,FC,BT,BT,non classé,non classé
334,,GOGYNAX OVULE PL 6CES,,2024-10-21 06:08:35.705371+00:00,2028-12-12,2000.0,FC,2798.0,FC,PL,PL,non classé,non classé
335,,PREVENT BT 200CES,,2024-10-21 08:54:19.264915+00:00,2028-12-12,40000.0,FC,80000.0,FC,BT,BT,non classé,non classé
336,,MISO SURE,,2024-10-21 08:58:02.148841+00:00,2028-12-12,40000.0,FC,48000.0,FC,BT,BT,non classé,non classé
337,,KETAMINE FL,,2024-10-25 05:53:06.535270+00:00,2028-12-12,2400.0,FC,3888.0,FC,FL,FL,non classé,non classé
338,,SILK N°1 PC,,2024-10-25 06:05:50.002403+00:00,2028-12-12,600.0,FC,1241.0,FC,PC,PC,non classé,non classé
339,,SILK N°2 PC,,2024-10-25 06:06:17.766926+00:00,2028-12-12,600.0,FC,1241.0,FC,PC,PC,non classé,non classé
340,,BANDE LASTIC 10CM PC,,2024-10-25 06:09:17.670254+00:00,2028-12-12,650.0,FC,891.0,FC,PC,PC,non classé,non classé
341,,DEPO PROVERA FL,,2024-10-25 06:11:44.164461+00:00,2028-12-12,1200.0,FC,2499.0,FC,FL,FL,non classé,non classé
342,,GOLD GRIP PL 4CES,,2024-10-25 06:25:51.525606+00:00,2028-12-12,245.0,FC,348.0,FC,PL,PL,non classé,non classé
343,,CITOTEC PL 4CES,,2024-10-25 06:41:06.189095+00:00,2028-12-12,500.0,FC,1621.0,FC,PL,PL,non classé,non classé
344,,VITAMINE BCX SUROP FL,,2024-10-25 07:13:58.278515+00:00,2028-12-12,1459.0,FC,1689.0,FC,FL,FL,non classé,non classé
345,,VICRIL N 3/0 PC,,2024-10-25 07:14:56.425306+00:00,2028-12-12,1459.0,FC,2399.0,FC,PC,PC,non classé,non classé
346,,VICRIL N 1 PC,,2024-10-25 07:15:25.302410+00:00,2028-12-12,1459.0,FC,2389.0,FC,PC,PC,non classé,non classé
347,,VICRIL N 2 PC,,2024-10-25 07:16:15.253716+00:00,2028-12-12,1459.0,FC,2388.0,FC,PC,PC,non classé,non classé
348,,SILK N°3/0 PC,,2024-10-25 07:17:52.712529+00:00,2028-12-12,891.0,FC,1245.0,FC,PC,PC,non classé,non classé
349,,SPASFON CES PL 10CES,,2024-10-25 07:25:13.208239+00:00,2028-12-12,3888.0,FC,5411.0,FC,PL,PL,non classé,non classé
351,,VIX LEOPARD,,2024-10-26 09:56:53.696004+00:00,2029-12-12,877.0,FC,1299.0,FC,PC,PC,non classé,non classé
50,,MULTIVITAMINE SUROP,,2024-09-27 10:15:26+00:00,2027-10-10,1451.0,FC,1691.0,FC,FL,FL,non classé,non classé
125,,PAIN RELIEF TUBE 1PC,,2024-10-02 14:41:37+00:00,2028-10-11,1200.0,FC,1200.0,FC,PC,PC,non classé,non classé
152,,CIMETEDINE PL 10CS,,2024-10-02 16:48:04.285000+00:00,2027-10-10,1011.0,FC,1299.0,FC,PL,PL,non classé,non classé
67,,VITR0N Z CS PL 10CS,,2024-09-27 10:45:49+00:00,2027-10-10,2411.0,FC,4711.0,FC,PL,PL,non classé,non classé
352,,CO ARTHEM PL 6 CES ENFANT,,2024-10-26 11:08:30.514407+00:00,2028-12-12,1000.0,FC,1499.0,FC,PL,PL,non classé,non classé
353,,CO ARTHEM PL 18CS,,2024-10-28 07:13:51.018979+00:00,2028-12-12,1399.0,FC,1899.0,FC,PL,PL,non classé,non classé
354,,BANDE PLATRE 10CM,,2024-10-28 11:33:20.049266+00:00,2028-12-12,1500.0,FC,4500.0,FC,PC,PC,non classé,non classé
355,,BANDE PLATRE 15CM,,2024-10-28 11:34:07.908383+00:00,2028-12-12,1500.0,FC,6000.0,FC,PC,PC,non classé,non classé
356,,BANDE PLATRE 20CM,,2024-10-28 11:34:30.626208+00:00,2028-12-12,1500.0,FC,6500.0,FC,PC,PC,non classé,non classé
164,,PARA SUROP,,2024-10-03 09:33:46.255000+00:00,2028-12-12,1450.0,FC,1611.0,FC,FL,FL,non classé,non classé
359,,BUSCOPAN PL 10CES,,2024-10-29 10:41:58.690015+00:00,2029-12-12,300.0,FC,656.0,FC,PL,PL,non classé,non classé
188,,CONCEF T 1.125 MG INJ,,2024-10-03 11:24:19.985000+00:00,2028-12-12,7225.0,FC,7225.0,FC,FL,FL,non classé,non classé
360,,COTRIMOXAZOL SUROP,,2024-10-29 14:03:48.161901+00:00,2028-12-12,1451.0,FC,1598.0,FC,FL,FL,non classé,non classé
361,,DIGESTE SACHET 1PC,,2024-10-30 06:58:59.198250+00:00,2028-12-12,500.0,FC,831.0,FC,PC,PC,non classé,non classé
180,,LC CLAV 281.5 SUSP,,2024-10-03 11:04:56.940000+00:00,2028-12-12,7225.0,FC,7225.0,FC,FL,FL,non classé,non classé
350,,LEOPARD TUBE,,2024-10-26 09:53:49.586790+00:00,2029-12-12,1899.0,FC,2988.0,FC,PC,PC,non classé,non classé
362,,FER FOL 10X10,,2024-10-30 08:31:38.783279+00:00,2028-12-12,1500.0,FC,2588.0,FC,BT,BT,non classé,non classé
363,,SHALCIP TM PL 10CES,,2024-10-30 09:02:43.643718+00:00,2029-12-12,851.0,FC,1059.0,FC,PL,PL,non classé,non classé
364,,SHALCIP TZ PL 10CES,,2024-10-30 09:03:20.867841+00:00,2029-12-12,1891.0,FC,2189.0,FC,PL,PL,non classé,non classé
366,,NORMEGYL PL 10CES,,2024-11-01 07:13:43.218536+00:00,2028-12-12,2999.0,FC,3871.0,FC,PL,PL,non classé,non classé
267,,CO ARTHEM PL 24 CS,,2024-10-11 09:11:20.784000+00:00,2028-12-12,2400.0,FC,2211.0,FC,PL,PL,non classé,non classé
367,,NORMEGYL PL SUROP,,2024-11-01 07:24:28.632467+00:00,2028-12-12,2999.0,FC,3871.0,FC,FL,FL,non classé,non classé
368,,CALCIUM INJ PL 10 AMP,,2024-11-02 09:51:47.551773+00:00,2028-12-12,2500.0,FC,4877.0,FC,PL,PL,non classé,non classé
369,,VITAGO POMADE,,2024-11-02 10:08:06.383075+00:00,2028-12-12,500.0,FC,999.0,FC,PC,PC,non classé,non classé
370,,CEFIXIM 400MG PL10CS,,2024-11-04 09:25:02.899967+00:00,2028-12-12,6700.0,FC,9788.0,FC,PL,PL,non classé,non classé
371,,NEGRAM PL 10CES,,2024-11-04 09:26:54.052292+00:00,2028-12-12,2400.0,FC,3211.0,FC,PL,PL,non classé,non classé
372,,DIGESTE SUROP FL,,2024-11-04 09:32:39.756622+00:00,2028-12-12,5000.0,FC,9891.0,FC,FL,FL,non classé,non classé
373,,BUSTOURI PC,,2024-11-04 09:34:03.300792+00:00,2028-12-12,200.0,FC,300.0,FC,PC,PC,non classé,non classé
374,,GROUPEGE KIT,,2024-11-04 12:33:57.473189+00:00,2028-12-12,35000.0,FC,60000.0,FC,PC,PC,non classé,non classé
375,,CISEAU PC,,2024-11-06 14:35:31.145662+00:00,2028-12-12,8500.0,FC,15000.0,FC,PC,PC,non classé,non classé
376,,MICOFLEX SUROP FL,,2024-11-07 15:09:41.961521+00:00,2028-12-12,1900.0,FC,4500.0,FC,FL,FL,non classé,non classé
377,,CLARINE GOUTTE,,2024-11-07 15:19:25.712124+00:00,2029-12-12,1200.0,FC,2199.0,FC,FL,FL,non classé,non classé
378,,CLARINE GOUTTE ADULT,,2024-11-07 15:20:28.904276+00:00,2029-12-12,1200.0,FC,2211.0,FC,FL,FL,non classé,non classé
379,,NYSTANTINE SUROP,,2024-11-09 07:27:53.189946+00:00,2028-12-12,1400.0,FC,2671.0,FC,FL,FL,non classé,non classé
380,,NYSTANTINE OVULE,,2024-11-09 07:57:21.327608+00:00,2027-12-12,1400.0,FC,2341.0,FC,PL,PL,non classé,non classé
381,,AMOXYCICLINE 1GM,,2024-11-11 10:07:11.390911+00:00,2028-12-12,490.0,FC,771.0,FC,FL,FL,non classé,non classé
382,,INALE PC,,2024-11-11 10:17:29.454666+00:00,2028-12-12,761.0,FC,899.0,FC,PC,PC,non classé,non classé
383,,KANDTE PL 10CES,,2024-11-13 07:49:15.088108+00:00,2028-12-12,2000.0,FC,3671.0,FC,PL,PL,non classé,non classé
384,,POMADE GRISEO,,2024-11-16 11:35:24.767076+00:00,2028-12-12,788.0,FC,1298.0,FC,PC,PC,non classé,non classé
385,,NAOMI TUBE,,2024-11-17 12:08:22.200750+00:00,2028-12-12,2300.0,FC,2899.0,FC,PC,PC,non classé,non classé
386,,KAOLIN SUROP,,2024-11-18 08:27:20.535904+00:00,2028-12-12,1500.0,FC,2455.0,FC,PC,PC,non classé,non classé
387,,GASTROMEX 10X10,,2024-11-18 12:05:22.992337+00:00,2028-12-12,2500.0,FC,3899.0,FC,BT,BT,non classé,non classé
388,,DES EFFECTAN,,2024-11-18 12:17:35.943073+00:00,2028-12-12,4000.0,FC,9000.0,FC,PC,PC,non classé,non classé
389,,ANAFLAM SUROP,,2024-11-18 13:57:49.468681+00:00,2028-12-12,1611.0,FC,2459.0,FC,FL,FL,non classé,non classé
390,,PHENOBARITAL CES PL 10CS,,2024-11-20 09:57:01.467168+00:00,2028-12-12,650.0,FC,1299.0,FC,PL,PL,non classé,non classé
391,,RELAX SACHET,,2024-11-22 11:19:14.746549+00:00,2028-12-12,341.0,FC,721.0,FC,PC,PC,non classé,non classé
392,,CYPOMEX BT/ 20CES,,2024-11-25 07:00:17.336446+00:00,2028-12-12,450.0,FC,587.0,FC,BT,BT,non classé,non classé
393,,CYPOMEX 10X10,,2024-11-25 07:01:25.024164+00:00,2028-12-12,2000.0,FC,2811.0,FC,BT,BT,non classé,non classé
394,,CYPOMEX SUROP,,2024-11-25 07:02:08.577352+00:00,2028-12-12,2300.0,FC,3988.0,FC,FL,FL,non classé,non classé
395,,TESTE MALARIA,,2024-11-25 07:05:35.103947+00:00,2028-12-12,2300.0,FC,5500.0,FC,BT,BT,non classé,non classé
396,,BUTRICIDE 100CE,,2024-11-25 07:07:29.222472+00:00,2028-12-12,3000.0,FC,6500.0,FC,BT,BT,non classé,non classé
397,,MAPINOR 10X10,,2024-11-26 15:13:54.052559+00:00,2028-12-12,30000.0,FC,30000.0,FC,BT,BT,non classé,non classé
398,,SOCOMOL SPAY,,2024-11-28 09:36:30.536814+00:00,2028-12-12,6200.0,FC,7310.0,FC,FL,FL,non classé,non classé
399,,RELIEF SPAY,,2024-11-28 09:37:34.426669+00:00,2028-12-12,7800.0,FC,8859.0,FC,FL,FL,non classé,non classé
400,,GERMOL LIQUID,,2024-11-28 10:51:49.667004+00:00,2028-12-12,2900.0,FC,3900.0,FC,FL,FL,non classé,non classé
401,,GERMOL SAVON,,2024-11-28 10:52:34.749230+00:00,2028-12-12,1900.0,FC,2788.0,FC,PC,PC,non classé,non classé
402,,GERMOL 50ML,,2024-11-28 10:53:33.738259+00:00,2028-12-12,1900.0,FC,2911.0,FC,FL,FL,non classé,non classé
403,,PROMETAZINE INJ PL 10AMP,,2024-11-29 06:31:45.782492+00:00,2028-12-12,1500.0,FC,3500.0,FC,PL,PL,non classé,non classé
404,,PARA C SUROP,,2024-11-29 08:45:50.775806+00:00,2028-12-12,1700.0,FC,2798.0,FC,FL,FL,non classé,non classé
405,,HEMAMEX SUROP,,2024-11-29 08:46:52.035703+00:00,2028-12-12,1700.0,FC,3500.0,FC,FL,FL,non classé,non classé
406,,PARA C 1X4 CES,,2024-11-29 08:48:00.524336+00:00,2028-12-12,1200.0,FC,1500.0,FC,PL,PL,non classé,non classé
407,,SHALTOUX SUROP,,2024-11-29 08:56:25.694804+00:00,2028-12-12,2300.0,FC,3899.0,FC,FL,FL,non classé,non classé
408,,GLYCERINE SOUSANA,,2024-12-03 09:21:20.939077+00:00,2027-12-12,2000.0,FC,2500.0,FC,PL,PL,non classé,non classé
409,,PARA 25X10,,2024-12-03 10:18:34.335463+00:00,2027-12-12,2500.0,FC,5000.0,FC,BT,BT,non classé,non classé
410,,FURADANTINE 10X10,,2024-12-07 14:04:47.576052+00:00,2028-12-12,2500.0,FC,3500.0,FC,BT,BT,non classé,non classé
411,,BENZILE LIQUIDE,,2024-12-07 14:16:00.238241+00:00,2028-12-12,100.0,FC,1987.0,FC,FL,FL,non classé,non classé
412,,DIPI INJ PL 10,,2024-12-08 11:14:17.298936+00:00,2028-12-12,6500.0,FC,7500.0,FC,PL,PL,non classé,non classé
413,,SALBUTAMOL INJ PL 10,,2024-12-09 10:49:29.762811+00:00,2028-12-12,2030.0,FC,3500.0,FC,PL,PL,non classé,non classé
414,,TINIZOL PL 4CES,,2024-12-09 12:13:00.900493+00:00,2028-12-12,299.0,FC,398.0,FC,PL,PL,non classé,non classé
415,,LEVAMISOLE 150 PL10CES,,2024-12-10 08:27:48.598891+00:00,2028-12-12,590.0,FC,698.0,FC,PL,PL,non classé,non classé
417,,LEVAMISOLE 50 PL10CES,,2024-12-10 08:28:40.644416+00:00,2028-12-12,250.0,FC,398.0,FC,PL,PL,non classé,non classé
418,,POMADE ITIOLE,,2024-12-10 12:30:48.316398+00:00,2027-02-21,899.0,FC,1199.0,FC,PC,PC,non classé,non classé
419,,MICONAZOL TUBE,,2024-12-14 07:13:04.080344+00:00,2028-12-12,1200.0,FC,2988.0,FC,PC,PC,non classé,non classé
420,,ANSET INJ 1AMP,,2024-12-14 07:43:30.961081+00:00,2028-12-12,1899.0,FC,2991.0,FC,AMP,AMP,non classé,non classé
421,,ANSET SUROP,,2024-12-14 07:44:17.642444+00:00,2028-12-12,1899.0,FC,3500.0,FC,FL,FL,non classé,non classé
422,,INFERON PL 10AMP,,2024-12-14 09:35:46.880823+00:00,2028-12-12,12000.0,FC,14211.0,FC,PL,PL,non classé,non classé
423,,PENI G,,2024-12-14 09:48:58.686478+00:00,2028-12-12,988.0,FC,1051.0,FC,FL,FL,non classé,non classé
424,,SPASTA INJ 1AMP,,2024-12-14 09:52:05.302503+00:00,2028-12-12,988.0,FC,1988.0,FC,AMP,AMP,non classé,non classé
425,,ARGIROL GOUTT,,2024-12-14 09:59:39.903444+00:00,2028-12-12,988.0,FC,1500.0,FC,FL,FL,non classé,non classé
426,,POUDRE CANDESTIN,,2024-12-14 10:08:51.385062+00:00,2028-12-12,3800.0,FC,4500.0,FC,PC,PC,non classé,non classé
427,,POUDRE 22,,2024-12-14 10:09:42.293817+00:00,2028-12-12,3200.0,FC,3700.0,FC,PC,PC,non classé,non classé
428,,CONTAX 1G,,2024-12-16 09:53:40.874780+00:00,2028-12-12,2601.0,FC,2601.0,FC,FL,FL,non classé,non classé
429,,CESACKROL FL,,2024-12-17 13:46:34.302756+00:00,2029-12-12,9888.0,FC,12211.0,FC,FL,FL,non classé,non classé
430,,TEMPAR INJ PL 5AMP,,2024-12-19 08:05:18.140521+00:00,2029-12-12,1600.0,FC,2199.0,FC,PL,PL,non classé,non classé
113,,PERFAC 1000,,2024-10-01 17:29:34.402000+00:00,2029-12-12,0.0,FC,0.0,FC,BT,BT,non classé,non classé
431,,TOTEMA 1AMP,,2024-12-24 08:34:03.960184+00:00,2028-12-12,1199.0,FC,1321.0,FC,AMP,AMP,non classé,non classé
432,,POLYGEL 10X10,,2024-12-26 07:59:43.215797+00:00,2028-12-12,3200.0,FC,3987.0,FC,BT,BT,non classé,non classé
433,,DOLARIN PLUS SPAY,,2024-12-26 08:05:14.301635+00:00,2028-12-12,6500.0,FC,8999.0,FC,FL,FL,non classé,non classé
434,,PREVENT + BOIT 56CES,,2024-12-26 09:28:19.695170+00:00,2028-12-12,42000.0,FC,42000.0,FC,BOIT,BOIT,non classé,non classé
435,,TOP 200 B/25PL,,2024-12-26 09:30:33.903769+00:00,2028-12-12,35000.0,FC,35000.0,FC,BT,BT,non classé,non classé
436,,CAF 1GR,,2024-12-28 07:39:20.271966+00:00,2028-12-12,1500.0,FC,1999.0,FC,FL,FL,non classé,non classé
437,,L ARTEM FORT,,2024-12-28 10:38:24.830288+00:00,2028-12-12,7811.0,FC,9871.0,FC,PL,PL,non classé,non classé
438,,ULTRADOZENE PL10CES,,2024-12-28 10:40:18.914556+00:00,2028-12-12,7811.0,FC,9871.0,FC,PL,PL,non classé,non classé
439,,BENERVA PL 10CES,,2024-12-28 10:40:55.887263+00:00,2028-12-12,7811.0,FC,9731.0,FC,PL,PL,non classé,non classé
440,,OXYDE DE ZINC TUBE,,2024-12-28 12:18:44.065244+00:00,2028-12-12,1500.0,FC,2500.0,FC,PC,PC,non classé,non classé
441,,ADRENALINE PL 10 AMP,,2024-12-28 13:46:42.477397+00:00,2028-12-12,4500.0,FC,7500.0,FC,PL,PL,non classé,non classé
442,,SOCOMOL TUBE,,2024-12-30 08:56:00.230359+00:00,2028-11-12,2100.0,FC,2897.0,FC,PC,PC,non classé,non classé
444,,EPIDERME TUBE,,2024-12-23 09:24:30.513441+00:00,2028-12-12,876.0,FC,1099.0,FC,PC,PC,non classé,non classé
477,,ALDOMET PL 10CES,,2025-01-03 09:01:07.170286+00:00,2028-12-12,1000.0,FC,1811.0,FC,PL,PL,non classé,non classé
478,,TESTOTERONE PL 10AMP,,2025-01-03 09:03:25.325684+00:00,2028-12-12,7500.0,FC,10500.0,FC,PL,PL,non classé,non classé
510,,TERPINE PL 10CS,,2025-01-26 14:15:37.725363+00:00,2028-12-12,1500.0,FC,1899.0,FC,PL,PL,non classé,non classé
511,,FIL CORDON OMBINUCAL,,2025-01-27 10:06:11.519601+00:00,2028-12-12,7000.0,FC,20000.0,FC,PC,PC,non classé,non classé
